,precision,recall,f1-score,support
neg,0.98,1.0,0.98989898989899,49.0
pos,1.0,0.9803921568627451,0.9900990099009901,51.0
accuracy,0.99,0.99,0.99,0.99
macro avg,0.99,0.9901960784313726,0.9899989998999901,100.0
weighted avg,0.9902,0.99,0.99000100010001,100.0
